Workbook

Sheet Info
C1: Nome | D1: Cognome
C2: Davide | D2: Valiante
C3: Pio | D3: Cascone
C4: Michele | D4: Bartoli
C5: Marco | D5: Ianniello
C6: Saverio | D6: di Perna
C7: Antonio Pio | D7: Gargiulo
C8: Vittorio | D8: Ruotolo
C9: Luigi | D9: Balsio
C10: Paolo Maria | D10: Siconolfi
C11: Amanda Pia Caterina | D11: Robertazzi
C12: Domenico | D12: di Caprio
C15: 1 | D15: 2 | E15: 3 | F15: 4 | G15: 5
B16: Leadership e motivazione | C16: L'individuo mostra una mancanza di iniziativa e motivazione. Non dimostra alcun interesse nell'inspirare o motivare gli altri membri del team. | D16: L'individuo dimostra una leadership e motivazione insufficienti. Ci sono pochi sforzi per ispirare e motivare gli altri. | E16: L'individuo dimostra una leadership e motivazione moderata. Ci sono sforzi occasionali per ispirare e motivare gli altri. | F16: L'individuo dimostra una buona leadership e motivazione. C'è un impegno chiaro per ispirare e motivare gli altri membri del team. | G16: L'individuo dimostra una leadership e motivazione eccezionali. Gli sforzi per ispirare e motivare gli altri membri del team sono costanti e ben eseguiti.
B17: Qualità del lavoro | C17: Genera artefatti con numerosi errori e non rispetta le linee guida. | D17: Scarsa conformità alle linee guida. | E17: Rispetta le linee guida ma con una qualità del contenuto discutibile. | F17: Rispetta adeguatamente le linee guida con una qualità del contenuto discreta. | G17: Produce un artefatto eccellente sia nella forma che nel contenuto.
B18: Comportamento | C18: Non dimostra rispetto verso gli altri membri del team, i Project Manager e il loro lavoro. | D18: Raramente condivide il proprio punto di vista durante le discussioni. | E18: Partecipa in modo sufficiente ai meeting, mostrando rispetto per le opinioni degli altri membri del team e dei Project Manager. | F18: Partecipa attivamente ai meeting, esponendo adeguatamente il proprio punto di vista. | G18: Partecipa in modo estremamente attivo ai meeting, intervenendo al momento giusto con proposte eccellenti, analizzando le idee degli altri con rispetto e pensiero critico, evitando di sovrastare gli altri.
B19: Comunicazione | C19: Non mantiene alcuna comunicazione con il resto del team e i Project Manager. | D19: Mantiene una comunicazione limitata con il team e talvolta utilizza canali diversi da quelli stabiliti. | E19: Comunica in modo adeguato con il team tramite i canali prestabiliti, ma talvolta in modo confuso (utilizzando strumenti di comunicazione in modo inappropriato). | F19: Comunica in modo molto efficace con il team, sempre rispettando gli standard stabiliti. | G19: Comunica in modo eccellente, seguendo rigorosamente gli standard definiti e fornendo comunicazioni di alta qualità.
B20: Produttività | C20: Non rispetta le scadenze e/o non completa i compiti assegnati. | D20: Consegna quasi sempre oltre le date di scadenza. | E20: Rispetta le scadenze, ma spesso consegna all'ultimo momento. | F20: Rispetta le scadenze con un leggero anticipo. | G20: Rispetta le scadenze con un notevole anticipo.

Sheet Media voti
B1: Valiante | C1: Cascone | D1: Bartoli | E1: Ianniello | F1: di Perna | G1: Gargiulo | H1: Ruotolo | I1: Balsio | J1: Siconlfi | K1: Robertazzi | L1: di Caprio
A2: Settimana 3 | B2: =SUM(Valiante!B4,Valiante!C4,Valiante!D4,Valiante!E4,Valiante!F4)/5 -> 3.2 | C2: =SUM(Cascone!B4,Cascone!C4,Cascone!D4,Cascone!E4,Cascone!F4)/5 -> 4 | D2: =SUM(Bartoli!B4,Bartoli!C4,Bartoli!D4,Bartoli!E4,Bartoli!F4)/5 -> 4 | E2: =SUM(Ianniello!B4,Ianniello!C4,Ianniello!D4,Ianniello!E4,Ianniello!F4)/5 -> 3.2 | F2: =SUM('di Perna'!B4,'di Perna'!C4,'di Perna'!D4,'di Perna'!E4,'di Perna'!F4)/5 -> 3.4 | G2: =SUM(Gargiulo!B4,Gargiulo!C4,Gargiulo!D4,Gargiulo!E4,Gargiulo!F4)/5 -> 4 | H2: =SUM(Ruotolo!B4,Ruotolo!C4,Ruotolo!D4,Ruotolo!E4,Ruotolo!F4)/5 -> 3.6 | I2: =SUM(Balsio!B4,Balsio!C4,Balsio!D4,Balsio!E4,Balsio!F4)/5 -> 3.6 | J2: =SUM(Siconolfi!B4,Siconolfi!C4,Siconolfi!D4,Siconolfi!E4,Siconolfi!F4)/5 -> 3.2 | K2: =SUM(Robertazzi!B4,Robertazzi!C4,Robertazzi!D4,Robertazzi!E4,Robertazzi!F4)/5 -> 3.4 | L2: =SUM('di Caprio'!B4,'di Caprio'!C4,'di Caprio'!D4,'di Caprio'!E4,'di Caprio'!F4)/5 -> 3.2
A3: Settimana 6 | B3: =SUM(Valiante!B5,Valiante!C5,Valiante!D5,Valiante!E5,Valiante!F5)/5 -> 4.6 | C3: =SUM(Cascone!B5,Cascone!C5,Cascone!D5,Cascone!E5,Cascone!F5)/5 -> 5 | D3: =SUM(Bartoli!B5,Bartoli!C5,Bartoli!D5,Bartoli!E5,Bartoli!F5)/5 -> 4.6 | E3: =SUM(Ianniello!B5,Ianniello!C5,Ianniello!D5,Ianniello!E5,Ianniello!F5)/5 -> 5 | F3: =SUM('di Perna'!B5,'di Perna'!C5,'di Perna'!D5,'di Perna'!E5,'di Perna'!F5)/5 -> 4.8 | G3: =SUM(Gargiulo!B5,Gargiulo!C5,Gargiulo!D5,Gargiulo!E5,Gargiulo!F5)/5 -> 5 | H3: =SUM(Ruotolo!B5,Ruotolo!C5,Ruotolo!D5,Ruotolo!E5,Ruotolo!F5)/5 -> 4.8 | I3: =SUM(Balsio!B5,Balsio!C5,Balsio!D5,Balsio!E5,Balsio!F5)/5 -> 4.8 | J3: =SUM(Siconolfi!B5,Siconolfi!C5,Siconolfi!D5,Siconolfi!E5,Siconolfi!F5)/5 -> 4.6 | K3: =SUM(Robertazzi!B5,Robertazzi!C5,Robertazzi!D5,Robertazzi!E5,Robertazzi!F5)/5 -> 4.8 | L3: =SUM('di Caprio'!B5,'di Caprio'!C5,'di Caprio'!D5,'di Caprio'!E5,'di Caprio'!F5)/5 -> 4.6
A4: Settimana 6 | B4: =SUM(Valiante!B6,Valiante!C6,Valiante!D6,Valiante!E6,Valiante!F6)/5 -> 5 | C4: =SUM(Cascone!B6,Cascone!C6,Cascone!D6,Cascone!E6,Cascone!F6)/5 -> 5 | D4: =SUM(Bartoli!B6,Bartoli!C6,Bartoli!D6,Bartoli!E6,Bartoli!F6)/5 -> 5 | E4: =SUM(Ianniello!B6,Ianniello!C6,Ianniello!D6,Ianniello!E6,Ianniello!F6)/5 -> 5 | F4: =SUM('di Perna'!B6,'di Perna'!C6,'di Perna'!D6,'di Perna'!E6,'di Perna'!F6)/5 -> 5 | G4: =SUM(Gargiulo!B6,Gargiulo!C6,Gargiulo!D6,Gargiulo!E6,Gargiulo!F6)/5 -> 5 | H4: =SUM(Ruotolo!B6,Ruotolo!C6,Ruotolo!D6,Ruotolo!E6,Ruotolo!F6)/5 -> 5 | I4: =SUM(Balsio!B6,Balsio!C6,Balsio!D6,Balsio!E6,Balsio!F6)/5 -> 5 | J4: =SUM(Siconolfi!B6,Siconolfi!C6,Siconolfi!D6,Siconolfi!E6,Siconolfi!F6)/5 -> 5 | K4: =SUM(Robertazzi!B6,Robertazzi!C6,Robertazzi!D6,Robertazzi!E6,Robertazzi!F6)/5 -> 5 | L4: =SUM('di Caprio'!B6,'di Caprio'!C6,'di Caprio'!D6,'di Caprio'!E6,'di Caprio'!F6)/5 -> 5
A6: Media finale | B6: =ROUND((SUM(B2:B4)/3),2) -> 4.27 | C6: =ROUND((SUM(C2:C4)/3),2) -> 4.67 | D6: =ROUND((SUM(D2:D4)/3),2) -> 4.53 | E6: =ROUND((SUM(E2:E4)/3),2) -> 4.4 | F6: =ROUND((SUM(F2:F4)/3),2) -> 4.4 | G6: =ROUND((SUM(G2:G4)/3),2) -> 4.67 | H6: =ROUND((SUM(H2:H4)/3),2) -> 4.47 | I6: =ROUND((SUM(I2:I4)/3),2) -> 4.47 | ... L6: =ROUND((SUM(L2:L4)/3),2) -> 4.27
A7: /30 | B7: 28 | C7: 30 | D7: 29 | E7: 29 | F7: 28 | G7: 30 | H7: 29 | I7: 29 | J7: 28 | K7: 29 | L7: 28

Sheet Valiante
B1: lavoratore | C1: Davide | D1: Valiante
B3: Leadership e Motivazione | C3: Qualità del lavoro | D3: Comportamento | E3: Comunicazione | F3: Produttività
A4: Settimana 3 | B4: 3 | C4: 4 | D4: 3 | E4: 3 | F4: 3
A5: Settimana 6 | B5: 4 | C5: 5 | D5: 5 | E5: 4 | F5: 5
A6: Settimana 9 | B6: 5 | C6: 5 | D6: 5 | E6: 5 | F6: 5

Sheet Cascone
B1: lavoratore | C1: Pio | D1: Cascone
B3: Leadership e Motivazione | C3: Qualità del lavoro | D3: Comportamento | E3: Comunicazione | F3: Produttività
A4: Settimana 3 | B4: 4 | C4: 4 | D4: 5 | E4: 4 | F4: 3
A5: Settimana 6 | B5: 5 | C5: 5 | D5: 5 | E5: 5 | F5: 5
A6: Settimana 9 | B6: 5 | C6: 5 | D6: 5 | E6: 5 | F6: 5

Sheet Bartoli
B1: lavoratore | C1: Michele | D1: Bartoli
B3: Leadership e Motivazione | C3: Qualità del lavoro | D3: Comportamento | E3: Comunicazione | F3: Produttività
A4: Settimana 3 | B4: 4 | C4: 4 | D4: 5 | E4: 4 | F4: 3
A5: Settimana 6 | B5: 4 | C5: 5 | D5: 5 | E5: 4 | F5: 5
A6: Settimana 9 | B6: 5 | C6: 5 | D6: 5 | E6: 5 | F6: 5

Sheet Ianniello
B1: lavoratore | C1: Marco | D1: Ianniello
B3: Leadership e Motivazione | C3: Qualità del lavoro | D3: Comportamento | E3: Comunicazione | F3: Produttività
A4: Settimana 3 | B4: 3 | C4: 4 | D4: 3 | E4: 3 | F4: 3
A5: Settimana 6 | B5: 5 | C5: 5 | D5: 5 | E5: 5 | F5: 5
A6: Settimana 9 | B6: 5 | C6: 5 | D6: 5 | E6: 5 | F6: 5

Sheet di Perna
B1: lavoratore | C1: Saverio | D1: di Perna
B3: Leadership e Motivazione | C3: Qualità del lavoro | D3: Comportamento | E3: Comunicazione | F3: Produttività
A4: Settimana 3 | B4: 3 | C4: 4 | D4: 3 | E4: 3 | F4: 4
A5: Settimana 6 | B5: 5 | C5: 5 | D5: 5 | E5: 4 | F5: 5
A6: Settimana 9 | B6: 5 | C6: 5 | D6: 5 | E6: 5 | F6: 5

Sheet Gargiulo
B1: lavoratore | C1: Antonio Pio | D1: Gargiulo
B3: Leadership e Motivazione | C3: Qualità del lavoro | D3: Comportamento | E3: Comunicazione | F3: Produttività
A4: Settimana 3 | B4: 4 | C4: 4 | D4: 4 | E4: 4 | F4: 4
A5: Settimana 6 | B5: 5 | C5: 5 | D5: 5 | E5: 5 | F5: 5
A6: Settimana 9 | B6: 5 | C6: 5 | D6: 5 | E6: 5 | F6: 5

Sheet Ruotolo
B1: lavoratore | C1: Vittorio | D1: Ruotolo
B3: Leadership e Motivazione | C3: Qualità del lavoro | D3: Comportamento | E3: Comunicazione | F3: Produttività
A4: Settimana 3 | B4: 4 | C4: 3 | D4: 4 | E4: 4 | F4: 3
A5: Settimana 6 | B5: 4 | C5: 5 | D5: 5 | E5: 5 | F5: 5
A6: Settimana 6 | B6: 5 | C6: 5 | D6: 5 | E6: 5 | F6: 5

Sheet Balsio
B1: lavoratore | C1: Luigi | D1: Balsio
B3: Leadership e Motivazione | C3: Qualità del lavoro | D3: Comportamento | E3: Comunicazione | F3: Produttività
A4: Settimana 3 | B4: 3 | C4: 4 | D4: 3 | E4: 4 | F4: 4
A5: Settimana 6 | B5: 4 | C5: 5 | D5: 5 | E5: 5 | F5: 5
A6: Settimana 9 | B6: 5 | C6: 5 | D6: 5 | E6: 5 | F6: 5

Sheet Siconolfi
B1: lavoratore | C1: Paolo Maria | D1: Siconolfi
B3: Leadership e Motivazione | C3: Qualità del lavoro | D3: Comportamento | E3: Comunicazione | F3: Produttività
A4: Settimana 3 | B4: 3 | C4: 4 | D4: 3 | E4: 3 | F4: 3
A5: Settimana 6 | B5: 4 | C5: 4 | D5: 5 | E5: 5 | F5: 5
A6: Settimana 9 | B6: 5 | C6: 5 | D6: 5 | E6: 5 | F6: 5

Sheet Robertazzi
B1: lavoratore | C1: Amanda Pia Caterina | D1: Robertazzi
B3: Leadership e Motivazione | C3: Qualità del lavoro | D3: Comportamento | E3: Comunicazione | F3: Produttività
A4: Settimana 3 | B4: 3 | C4: 4 | D4: 3 | E4: 3 | F4: 4
A5: Settimana 6 | B5: 4 | C5: 5 | D5: 5 | E5: 5 | F5: 5
A6: Settimana 9 | B6: 5 | C6: 5 | D6: 5 | E6: 5 | F6: 5

Sheet di Caprio
B1: lavoratore | C1: Domenico | D1: di Caprio
B3: Leadership e Motivazione | C3: Qualità del lavoro | D3: Comportamento | E3: Comunicazione | F3: Produttività
A4: Settimana 3 | B4: 3 | C4: 4 | D4: 3 | E4: 3 | F4: 3
A5: Settimana 6 | B5: 4 | C5: 5 | D5: 5 | E5: 4 | F5: 5
A6: Settimana 6 | B6: 5 | C6: 5 | D6: 5 | E6: 5 | F6: 5
